week,group,users,clicks,conversions,revenue,avg_session,ctr_pct,cvr_pct,arpu
2,control,1317,396,34,1662.02,179.59529233105542,30.07,2.58,1.262
2,treatment,1276,466,59,3151.37,209.68103448275863,36.52,4.62,2.4697
3,control,1320,384,30,1530.39,179.50378787878788,29.09,2.27,1.1594
3,treatment,1272,519,59,2978.59,211.38364779874215,40.8,4.64,2.3417
4,control,1255,347,24,994.55,178.0597609561753,27.65,1.91,0.7925
4,treatment,1337,499,66,3698.84,210.18698578908004,37.32,4.94,2.7665
5,control,1184,340,37,1831.37,180.72635135135135,28.72,3.12,1.5468
5,treatment,1039,394,60,2984.03,208.85563041385947,37.92,5.77,2.872
